trial	account_id	region	slr_before	slr_created_at	slr_role_id	profile_created_at	name	apply_exit	asg_created_at	first_activity_at	first_activity_status	recovery_at	activity_count	failed_activity_count	first_activity_message
1	347179352735	us-west-2	NONE	2026-09-08T02:05:03+00:00	AROAVBVMAQKP4JYH2EHOE	2026-09-08T02:04:50+00:00	fck-nat-exp-1788833084-1	1	2026-09-08T02:05:04.229000+00:00	2026-09-08T02:05:08.838000+00:00	Failed	2026-09-08T02:06:12.241000+00:00	2	1	Authentication Failure. Launching EC2 instance failed.
2	347179352735	us-west-2	2026-09-08T02:05:03+00:00	2026-09-08T02:05:03+00:00	AROAVBVMAQKP4JYH2EHOE	2026-09-08T02:07:35+00:00	fck-nat-exp-1788833248-2	0	2026-09-08T02:07:48.308000+00:00	2026-09-08T02:07:53.734000+00:00	Successful	-	1	0	None
3	347179352735	us-west-2	2026-09-08T02:05:03+00:00	2026-09-08T02:05:03+00:00	AROAVBVMAQKP4JYH2EHOE	2026-09-08T02:09:32+00:00	fck-nat-exp-1788833366-3	0	2026-09-08T02:09:45.371000+00:00	2026-09-08T02:09:49.490000+00:00	Successful	-	1	0	None
4	347179352735	us-west-2	2026-09-08T02:05:03+00:00	2026-09-08T02:05:03+00:00	AROAVBVMAQKP4JYH2EHOE	2026-09-08T02:11:25+00:00	fck-nat-exp-1788833478-4	0	2026-09-08T02:11:38.377000+00:00	2026-09-08T02:11:42.328000+00:00	Successful	-	1	0	None
5	347179352735	us-west-2	2026-09-08T02:05:03+00:00	2026-09-08T02:05:03+00:00	AROAVBVMAQKP4JYH2EHOE	2026-09-08T02:13:11+00:00	fck-nat-exp-1788833585-5	0	2026-09-08T02:13:24.466000+00:00	2026-09-08T02:13:26.955000+00:00	Successful	-	1	0	None
6	347179352735	us-west-2	2026-09-08T02:05:03+00:00	2026-09-08T02:05:03+00:00	AROAVBVMAQKP4JYH2EHOE	2026-09-08T02:14:59+00:00	fck-nat-exp-1788833693-6	0	2026-09-08T02:15:12.208000+00:00	2026-09-08T02:15:18.182000+00:00	Successful	-	1	0	None
7	347179352735	us-west-2	2026-09-08T02:05:03+00:00	2026-09-08T02:05:03+00:00	AROAVBVMAQKP4JYH2EHOE	2026-09-08T02:16:25+00:00	fck-nat-exp-1788833778-7	0	2026-09-08T02:16:38.198000+00:00	2026-09-08T02:16:42.603000+00:00	Successful	-	1	0	None
8	347179352735	us-west-2	2026-09-08T02:05:03+00:00	2026-09-08T02:05:03+00:00	AROAVBVMAQKP4JYH2EHOE	2026-09-08T02:18:12+00:00	fck-nat-exp-1788833885-8	0	2026-09-08T02:18:25.312000+00:00	2026-09-08T02:18:29.681000+00:00	Successful	-	1	0	None
9	347179352735	us-west-2	2026-09-08T02:05:03+00:00	2026-09-08T02:05:03+00:00	AROAVBVMAQKP4JYH2EHOE	2026-09-08T02:19:45+00:00	fck-nat-exp-1788833978-9	0	2026-09-08T02:19:58.250000+00:00	2026-09-08T02:20:03.010000+00:00	Successful	-	1	0	None
10	347179352735	us-west-2	2026-09-08T02:05:03+00:00	2026-09-08T02:05:03+00:00	AROAVBVMAQKP4JYH2EHOE	2026-09-08T02:21:21+00:00	fck-nat-exp-1788834075-10	0	2026-09-08T02:21:34.487000+00:00	2026-09-08T02:21:38.480000+00:00	Successful	-	1	0	None
